Date of Race,Country,Track,Going,Type,Distance,Class,Time,Stall,Horse,Official Rating,Age,Pace,Weight,Jockey,Trainer,Headgear,SP Fav,Industry SP,Betfair SP,IP Min,IP Max,Pre Min,Pre Max,Forecasted Odds,Place,Winning Distance,Runners,SP Win Return,E/W Return,Betfair Win Return,Tick reduction,Tick inflation,% BSP reduction,% BSP inflation,Betfair Lay Return,Runs last 18 months,Wins Last 5 races,Avg % SP Drop Last 5 races,Avg % SP Drop last 18 mths,RBD Rating,RBD Rank,Total Prev Races,Days Since Last time out,Course Wins,Distance Wins,Class Wins,Going Wins,Last time out Position,Course Winner,Distance Winner,Up in Trip,Betfair Place SP,Placed in Betfair Market,Place Return,Place Lay Return,Betfair Rank
2025-07-23,GB,CATTERICK,SFT,Maiden,7f,5,14:30:00,2.0,Tailgunner Joe,0,2,2,9-7,Kyle Strydom,Dylan Cunha,,1,2.75,,,,,,2.75, , ,11,,,0,-,-,0,,0,1,0,36.0,36.0,105,1,1,32,0,0,0,0,6,NO,NO,NO,, ,0,0,
2025-07-23,GB,CATTERICK,SFT,Maiden,7f,5,14:30:00,7.0,Ingleby Emma,0,2,2,9-2,Harrison Shaw,Adrian Nicholls,,10,67,,,,,,67.0, , ,11,,,0,-,-,0,,0,1,0,15.3,15.3,51,6,1,55,0,0,0,0,12,NO,NO,YES,, ,0,0,
2025-07-23,GB,CATTERICK,SFT,Maiden,7f,5,14:30:00,5.0,Tekitoff,0,2,5,9-5,Cam Hardie,Danny Brooke,,11,101,,,,,,101.0, , ,11,,,0,-,-,0,,0,1,0,-39.1,-39.1,7,8,1,37,0,0,0,0,10,NO,NO,YES,, ,0,0,
2025-07-23,GB,CATTERICK,SFT,Maiden,7f,5,14:30:00,9.0,Court Of Stars,0,2,5,9-2,Sam James,Ollie Sangster,,2,4,,,,,,4.0, , ,11,,,0,-,-,0,,0,2,0,36.9,36.9,104,2,2,15,0,0,0,0,2,NO,NO,NO,, ,0,0,
2025-07-23,GB,CATTERICK,SFT,Maiden,7f,5,14:30:00,10.0,Princess Maitha,0,2,0,9-2,Joe Fanning,Charlie Johnston,,3,6,,,,,,6.0, , ,11,,,0,-,-,0,,0,0,0,0.0,0.0,10,7,0,0,0,0,0,0,0,NO,NO,,, ,0,0,
2025-07-23,GB,CATTERICK,SFT,Maiden,7f,5,14:30:00,1.0,Lyrical Song,0,2,5,9-7,David Allan,Tim Easterby,,4,8,,,,,,8.0, , ,11,,,0,-,-,0,,0,2,0,7.75,7.75,87,3,2,39,0,0,0,0,6,NO,NO,YES,, ,0,0,
2025-07-23,GB,CATTERICK,SFT,Maiden,7f,5,14:30:00,3.0,Boy Named Sioux,0,2,3,9-7,Oisin Orr,Richard Fahey,,5,9,,,,,,9.0, , ,11,,,0,-,-,0,,0,2,0,18.3,18.3,83,4,2,25,0,0,0,0,3,NO,NO,YES,, ,0,0,
2025-07-23,GB,CATTERICK,SFT,Maiden,7f,5,14:30:00,11.0,Madame Koko,0,2,0,9-0,Jason Hart,John & Sean Quinn,,6,11,,,,,,11.0, , ,11,,,0,-,-,0,,0,0,0,0.0,0.0,7,8,0,0,0,0,0,0,0,NO,NO,,, ,0,0,
2025-07-23,GB,CATTERICK,SFT,Maiden,7f,5,14:30:00,6.0,Secret Testimony,0,2,0,9-7,Zak Wheatley,Declan Carroll,,7,26,,,,,,26.0, , ,11,,,0,-,-,0,,0,0,0,0.0,0.0,7,8,0,0,0,0,0,0,0,NO,NO,,, ,0,0,
2025-07-23,GB,CATTERICK,SFT,Maiden,7f,5,14:30:00,4.0,Oso Great,0,2,5,9-7,Ben Robinson,David O´Meara,,7,26,,,,,,26.0, , ,11,,,0,-,-,0,,0,1,0,41.2,41.2,69,5,1,16,0,0,0,0,8,NO,NO,NO,, ,0,0,
2025-07-23,GB,CATTERICK,SFT,Maiden,7f,5,14:30:00,8.0,Danrana,0,2,0,9-2,Oisin McSweeney,Fionn McSharry,,9,34,,,,,,34.0, , ,11,,,0,-,-,0,,0,0,0,0.0,0.0,7,8,0,0,0,0,0,0,0,NO,NO,,, ,0,0,
2025-07-23,GB,CATTERICK,SFT,Nursery,7f,5,15:00:00,5.0,Magic Box,68,2,5,9-7,Cieren Fallon,William Haggas,,1,2.75,,,,,,2.75, , ,8,,,0,-,-,0,,0,5,1,10.08,10.08,113,1,5,5,0,1,1,0,2,NO,YES,YES,, ,0,0,
2025-07-23,GB,CATTERICK,SFT,Nursery,7f,5,15:00:00,1.0,Sporting Light,64,2,3,9-3,Oisin Orr,Richard Fahey,,2,5.5,,,,,,5.5, , ,8,,,0,-,-,0,,0,4,0,13.38,13.38,92,3,4,20,0,0,0,0,3,NO,NO,YES,, ,0,0,
2025-07-23,GB,CATTERICK,SFT,Nursery,7f,5,15:00:00,7.0,Eclipser,70,2,7,9-9,P J McDonald,Charlie Clover,,3,6,,,,,,6.0, , ,8,,,0,-,-,0,,0,3,1,51.73,51.73,95,2,3,20,0,0,1,0,4,NO,NO,YES,, ,0,0,
2025-07-23,GB,CATTERICK,SFT,Nursery,7f,5,15:00:00,8.0,Willowinghurn,67,2,8,9-6,Mark Winn,David O´Meara,,3,6,,,,,,6.0, , ,8,,,0,-,-,0,,0,5,1,29.94,29.94,90,4,5,8,0,0,1,0,2,NO,NO,YES,, ,0,0,
2025-07-23,GB,CATTERICK,SFT,Nursery,7f,5,15:00:00,4.0,Carnation Queen,66,2,2,9-5,Harry Russell,Ollie Pears,,5,7,,,,,,7.0, , ,8,,,0,-,-,0,,0,3,1,21.9,21.9,90,4,3,40,0,0,0,0,1,NO,NO,YES,, ,0,0,
2025-07-23,GB,CATTERICK,SFT,Nursery,7f,5,15:00:00,3.0,Hamaleel,69,2,4,9-8,Luke Morris,Archie Watson,,6,11,,,,,,11.0, , ,8,,,0,-,-,0,,0,3,0,-70.2,-70.2,84,6,3,25,0,0,0,0,3,NO,NO,NO,, ,0,0,
2025-07-23,GB,CATTERICK,SFT,Nursery,7f,5,15:00:00,6.0,Monty Magoo,49,2,5,8-2,Cam Hardie,Roger Fell,H,7,26,,,,,,26.0, , ,8,,,0,-,-,0,,0,4,0,-28.88,-28.88,67,8,4,8,0,0,0,0,3,NO,NO,NO,, ,0,0,
2025-07-23,GB,CATTERICK,SFT,Nursery,7f,5,15:00:00,2.0,Harswell River,53,2,6,8-6,Joe Fanning,Roger Fell,,8,34,,,,,,34.0, , ,8,,,0,-,-,0,,0,4,0,61.88,61.88,81,7,4,14,0,0,0,0,7,NO,NO,YES,, ,0,0,
2025-07-23,GB,CATTERICK,SFT,Other Handicap,7f,6,15:30:00,6.0,Coconut Bay,64,6,8,10-1,Jason Hart,Tristan Davidson,,1,4.5,,,,,,4.5, , ,10,,,0,-,-,0,,0,35,3,25.16,31.68,106,1,62,14,3,6,6,0,1,YES,YES,NO,, ,0,0,
2025-07-23,GB,CATTERICK,SFT,Other Handicap,7f,6,15:30:00,7.0,Royal Blaze,50,4,4,9-1,Archie Young,Ewan Whillans,H,10,21,,,,,,21.0, , ,10,,,0,-,-,0,,0,9,0,3.38,-3.2,76,10,13,16,0,1,1,0,9,NO,YES,NO,, ,0,0,
2025-07-23,GB,CATTERICK,SFT,Other Handicap,7f,6,15:30:00,8.0,Petra Celera,65,4,7,10-2,Sam James,Roger Fell,C,2,5,,,,,,5.0, , ,10,,,0,-,-,0,,0,22,1,41.74,38.65,96,2,34,12,1,3,1,0,5,YES,YES,NO,, ,0,0,
2025-07-23,GB,CATTERICK,SFT,Other Handicap,7f,6,15:30:00,4.0,Emerald Army,58,4,8,9-9,Zak Wheatley,Declan Carroll,,3,6,,,,,,6.0, , ,10,,,0,-,-,0,,0,13,0,3.42,24.27,87,5,16,3,0,1,2,0,5,NO,YES,YES,, ,0,0,
2025-07-23,GB,CATTERICK,SFT,Other Handicap,7f,6,15:30:00,5.0,One More Bottle,52,4,8,9-3,Elizabeth Gale,Lizzie Quinlan,V,4,7,,,,,,7.0, , ,10,,,0,-,-,0,,0,9,1,72.58,64.7,83,6,9,8,0,0,1,0,3,NO,NO,NO,, ,0,0,
2025-07-23,GB,CATTERICK,SFT,Other Handicap,7f,6,15:30:00,3.0,Sunny Orange,57,5,4,9-8,David Allan,Tim Easterby,C,5,9,,,,,,9.0, , ,10,,,0,-,-,0,,0,18,1,21.42,23.81,89,4,34,8,0,2,2,0,8,NO,YES,NO,, ,0,0,
2025-07-23,GB,CATTERICK,SFT,Other Handicap,7f,6,15:30:00,1.0,Homer Stokes,64,7,7,10-1,William Pyle,David & Nicola Barron,,6,11,,,,,,11.0, , ,10,,,0,-,-,0,,0,18,0,-7.38,7.44,93,3,38,9,3,7,5,3,6,YES,YES,NO,, ,0,0,
2025-07-23,GB,CATTERICK,SFT,Other Handicap,7f,6,15:30:00,2.0,Bella Love,60,3,6,9-4,Joe Fanning,Ivan Furtado,,6,11,,,,,,11.0, , ,10,,,0,-,-,0,,0,11,0,-30.46,10.33,79,8,11,37,0,0,0,0,5,NO,NO,NO,, ,0,0,
2025-07-23,GB,CATTERICK,SFT,Other Handicap,7f,6,15:30:00,10.0,Mwafaq,58,3,6,9-2,Oisin Orr,Richard Fahey,C,8,13,,,,,,13.0, , ,10,,,0,-,-,0,,0,7,0,-31.7,-30.69,82,7,7,13,0,0,0,0,4,NO,NO,NO,, ,0,0,
2025-07-23,GB,CATTERICK,SFT,Other Handicap,7f,6,15:30:00,9.0,Woodleigh,56,4,5,9-7,Mark Winn,Roger Fell,C,9,17,,,,,,17.0, , ,10,,,0,-,-,0,,0,13,0,-31.78,-22.45,77,9,20,46,0,0,0,1,8,NO,NO,YES,, ,0,0,
2025-07-23,GB,CATTERICK,SFT,Other Handicap,1m4f,6,16:00:00,8.0,Penn Avenue,55,3,5,9-9,Jason Hart,Daniel & Claire Kubler,,1,2.5,,,,,,2.5, , ,9,,,0,-,-,0,,0,7,1,13.7,-5.94,96,1,7,15,0,0,1,0,1,NO,NO,YES,, ,0,0,
2025-07-23,GB,CATTERICK,SFT,Other Handicap,1m4f,6,16:00:00,4.0,Advertorial,48,3,6,9-2,Cieren Fallon,Ed Dunlop,C,2,5,,,,,,5.0, , ,9,,,0,-,-,0,,0,8,1,13.76,-7.06,88,2,8,23,0,1,1,0,5,NO,YES,NO,, ,0,0,
2025-07-23,GB,CATTERICK,SFT,Other Handicap,1m4f,6,16:00:00,3.0,Cardinal Point,55,3,6,9-9,Oisin Orr,Michael Bell,V,3,6,,,,,,6.0, , ,9,,,0,-,-,0,,0,7,0,12.22,5.66,81,3,7,23,0,0,0,0,3,NO,NO,YES,, ,0,0,
2025-07-23,GB,CATTERICK,SFT,Other Handicap,1m4f,6,16:00:00,7.0,Rosso Levanto,53,3,8,9-7,Joe Fanning,Charlie Johnston,,4,7,,,,,,7.0, , ,9,,,0,-,-,0,,0,6,0,29.4,40.57,79,4,6,50,0,0,0,0,4,NO,NO,NO,, ,0,0,
2025-07-23,GB,CATTERICK,SFT,Other Handicap,1m4f,6,16:00:00,2.0,Brave Emerald,55,3,3,9-9,David Allan,Tim Easterby,T,5,7.5,,,,,,7.5, , ,9,,,0,-,-,0,,0,6,0,13.52,6.43,75,5,6,16,0,0,0,0,3,NO,NO,NO,, ,0,0,
2025-07-23,GB,CATTERICK,SFT,Other Handicap,1m4f,6,16:00:00,9.0,Nippasso,49,3,6,9-3,Sam James,Michael & David Easterby,,6,17,,,,,,17.0, , ,9,,,0,-,-,0,,0,7,0,26.38,19.7,74,6,7,16,0,0,0,0,11,NO,NO,YES,, ,0,0,
2025-07-23,GB,CATTERICK,SFT,Other Handicap,1m4f,6,16:00:00,5.0,Himself,52,3,2,9-6,Cam Hardie,Philip Kirby,,6,17,,,,,,17.0, , ,9,,,0,-,-,0,,0,7,0,23.43,27.4,71,7,7,51,0,0,0,0,9,NO,NO,YES,, ,0,0,
2025-07-23,GB,CATTERICK,SFT,Other Handicap,1m4f,6,16:00:00,1.0,Hickton,46,3,9,9-0,Zak Wheatley,Declan Carroll,,8,51,,,,,,51.0, , ,9,,,0,-,-,0,,0,9,0,33.28,31.56,64,8,9,3,0,0,0,0,10,NO,NO,YES,, ,0,0,
2025-07-23,GB,CATTERICK,SFT,Other Handicap,1m4f,6,16:00:00,6.0,Bovey Belle,46,3,5,9-0,Rhys Elliott,Olly Williams,,8,51,,,,,,51.0, , ,9,,,0,-,-,0,,0,5,0,53.33,32.0,53,9,5,26,0,0,0,0,5,NO,NO,NO,, ,0,0,
2025-07-23,GB,CATTERICK,SFT,Other Handicap,1m4f,4,16:30:00,1.0,Bosphorus Rose,77,3,7,9-5,Luke Morris,Sir Mark Prescott Bt,,1,2.2,,,,,,2.2, , ,5,,,0,-,-,0,,0,6,2,63.78,69.75,122,1,6,13,0,1,0,0,1,NO,YES,NO,, ,0,0,
2025-07-23,GB,CATTERICK,SFT,Other Handicap,1m4f,4,16:30:00,5.0,Me And Bobby McGee,71,3,7,8-13,Joe Fanning,Charlie Johnston,B,2,3.25,,,,,,3.25, , ,5,,,0,-,-,0,,0,4,1,4.93,4.93,104,2,4,11,0,0,0,0,1,NO,NO,YES,, ,0,0,
2025-07-23,GB,CATTERICK,SFT,Other Handicap,1m4f,4,16:30:00,2.0,Afloat,77,5,3,10-2,P J McDonald,George Scott,T,3,4.5,,,,,,4.5, , ,5,,,0,-,-,0,,0,12,1,27.82,52.3,100,3,20,4,0,0,1,0,5,NO,NO,YES,, ,0,0,
2025-07-23,GB,CATTERICK,SFT,Other Handicap,1m4f,4,16:30:00,4.0,Pappa Louis,72,3,2,9-0,Jason Hart,Tom Dascombe,C,4,11,,,,,,11.0, , ,5,,,0,-,-,0,,0,10,0,13.36,15.2,90,4,10,21,0,0,1,0,5,NO,NO,NO,, ,0,0,
2025-07-23,GB,CATTERICK,SFT,Other Handicap,1m4f,4,16:30:00,3.0,Solar Saving,67,4,4,9-6,Taryn Langley,John Berry,,5,26,,,,,,26.0, , ,5,,,0,-,-,0,,0,2,0,-2.5,-2.5,85,5,4,55,0,0,0,0,9,NO,NO,YES,, ,0,0,
2025-07-23,GB,CATTERICK,SFT,Other Handicap,6f,6,17:00:00,6.0,Crocodile Power,60,7,6,9-12,Dale Swift,Seb Spencer,,1,3.5,,,,,,3.5, , ,9,,,0,-,-,0,,0,17,0,-6.34,27.02,103,1,40,16,3,3,6,2,3,YES,YES,NO,, ,0,0,
2025-07-23,GB,CATTERICK,SFT,Other Handicap,6f,6,17:00:00,8.0,Miss Rainbow,57,4,9,9-9,William Pyle,Tracy Waggott,V,2,4,,,,,,4.0, , ,9,,,0,-,-,0,,0,18,3,65.58,7.7,101,2,24,6,1,1,3,0,3,YES,YES,YES,, ,0,0,
2025-07-23,GB,CATTERICK,SFT,Other Handicap,6f,6,17:00:00,2.0,Highjacked,56,9,8,9-8,Oisin Orr,John Davies,,3,7,,,,,,7.0, , ,9,,,0,-,-,0,,0,10,0,9.34,14.45,91,3,45,26,1,4,3,1,12,YES,YES,NO,, ,0,0,
2025-07-23,GB,CATTERICK,SFT,Other Handicap,6f,6,17:00:00,1.0,Quercus,53,8,10,9-5,Oisin McSweeney,Ann Duffield,C,4,7.5,,,,,,7.5, , ,9,,,0,-,-,0,,0,12,0,51.76,42.9,81,5,47,21,5,6,4,0,14,YES,YES,NO,, ,0,0,
2025-07-23,GB,CATTERICK,SFT,Other Handicap,6f,6,17:00:00,7.0,Langholm,51,9,9,9-3,Rhys Elliott,Michael Dods,TC,5,8,,,,,,8.0, , ,9,,,0,-,-,0,,0,23,0,24.92,27.55,81,5,76,8,2,1,6,0,9,YES,YES,NO,, ,0,0,
2025-07-23,GB,CATTERICK,SFT,Other Handicap,6f,6,17:00:00,9.0,Mews House,46,8,8,8-12,David Allan,Rebecca Menzies,TV,6,8.5,,,,,,8.5, , ,9,,,0,-,-,0,,0,16,0,3.62,17.86,74,7,65,105,3,1,4,0,6,YES,YES,YES,, ,0,0,
2025-07-23,GB,CATTERICK,SFT,Other Handicap,6f,6,17:00:00,5.0,So Grateful,58,7,10,9-10,Sam James,Michael & David Easterby,,7,11,,,,,,11.0, , ,9,,,0,-,-,0,,0,20,1,18.44,28.35,85,4,59,16,0,3,4,0,13,NO,YES,NO,, ,0,0,
2025-07-23,GB,CATTERICK,SFT,Other Handicap,6f,6,17:00:00,3.0,Duchess Tattoo,46,4,5,8-12,Jason Hart,Ivan Furtado,T,8,26,,,,,,26.0, , ,9,,,0,-,-,0,,0,3,0,59.43,59.43,69,8,3,46,0,0,0,0,14,NO,NO,NO,, ,0,0,
2025-07-23,GB,CATTERICK,SFT,Other Handicap,6f,6,17:00:00,10.0,Hyrcanian,46,4,4,8-12,Alex Jary,Ron Barr,,9,67,,,,,,67.0, , ,9,,,0,-,-,0,,0,7,0,27.0,29.94,69,8,12,72,0,0,0,0,15,NO,NO,YES,, ,0,0,
2025-07-23,GB,DONCASTER,SFT,Novice Stakes,7f,4,17:15:00,5.0,Crystal Pier,0,2,2,9-2,Rossa Ryan,Ralph Beckett,,1,1.73,,,,,,1.73, , ,9,,,0,-,-,0,,0,1,0,29.9,29.9,122,1,1,29,0,0,0,0,3,NO,NO,NO,, ,0,0,
2025-07-23,GB,DONCASTER,SFT,Novice Stakes,7f,4,17:15:00,7.0,Flash Of Fire,0,2,0,9-2,Oisin Murphy,James Ferguson,,2,3.75,,,,,,3.75, , ,9,,,0,-,-,0,,0,0,0,0.0,0.0,15,9,0,0,0,0,0,0,0,NO,NO,,, ,0,0,
2025-07-23,GB,DONCASTER,SFT,Novice Stakes,7f,4,17:15:00,3.0,Queen Tamara,0,2,7,9-2,Callum Rodriguez,Harry Charlton,,3,8,,,,,,8.0, , ,9,,,0,-,-,0,,0,1,0,3.3,3.3,82,4,1,26,0,0,0,0,5,NO,NO,YES,, ,0,0,
2025-07-23,GB,DONCASTER,SFT,Novice Stakes,7f,4,17:15:00,2.0,Aleen,0,2,1,9-2,Dylan Hogan,Sir Mark Prescott Bt,,4,10,,,,,,10.0, , ,9,,,0,-,-,0,,0,1,0,18.9,18.9,88,2,1,13,0,0,0,0,5,NO,NO,NO,, ,0,0,
2025-07-23,GB,DONCASTER,SFT,Novice Stakes,7f,4,17:15:00,1.0,Land Of Liberty,0,2,2,9-2,Kieran Shoemark,David Menuisier,,5,26,,,,,,26.0, , ,9,,,0,-,-,0,,0,2,0,-17.05,-17.05,84,3,2,19,0,0,0,0,6,NO,NO,NO,, ,0,0,
2025-07-23,GB,DONCASTER,SFT,Novice Stakes,7f,4,17:15:00,4.0,Mohaasset,0,2,7,9-2,Sean Kirrane,Darryll Holland,,6,34,,,,,,34.0, , ,9,,,0,-,-,0,,0,2,0,14.75,14.75,79,5,2,25,0,0,0,0,5,NO,NO,YES,, ,0,0,
2025-07-23,GB,DONCASTER,SFT,Novice Stakes,7f,4,17:15:00,9.0,Resalah,0,2,2,9-2,Kieran O´Neill,Alice Haynes,,7,41,,,,,,41.0, , ,9,,,0,-,-,0,,0,2,0,7.2,7.2,75,6,2,33,0,0,0,0,5,NO,NO,NO,, ,0,0,
2025-07-23,GB,DONCASTER,SFT,Novice Stakes,7f,4,17:15:00,6.0,Gunalt Wavelength,0,2,4,9-2,Joanna Mason,Michael & David Easterby,,8,101,,,,,,101.0, , ,9,,,0,-,-,0,,0,1,0,24.5,24.5,53,7,1,13,0,0,0,0,7,NO,NO,NO,, ,0,0,
2025-07-23,GB,DONCASTER,SFT,Novice Stakes,7f,4,17:15:00,8.0,Twilight Dawn,0,2,2,9-2,Tom Eaves,Simon Whitaker,,8,101,,,,,,101.0, , ,9,,,0,-,-,0,,0,1,0,6.0,6.0,23,8,1,34,0,0,0,0,6,NO,NO,YES,, ,0,0,
2025-07-23,GB,DONCASTER,SFT,Novice Stakes,5f,5,17:45:00,2.0,Exclamation,79,2,7,9-7,Rossa Ryan,Grace Harris,,1,2.63,,,,,,2.63, , ,11,,,0,-,-,0,,0,4,0,20.93,20.93,114,1,4,34,0,0,0,0,14,NO,NO,NO,, ,0,0,
2025-07-23,GB,DONCASTER,SFT,Novice Stakes,5f,5,17:45:00,6.0,Sands Of Seve,0,2,5,9-5,Barry McHugh,Robert Cowell,,12,67,,,,,,67.0, , ,11,,,0,-,-,0,,0,2,0,52.55,52.55,48,6,2,37,0,0,0,0,11,NO,NO,NO,, ,0,0,
2025-07-23,GB,DONCASTER,SFT,Novice Stakes,5f,5,17:45:00,9.0,U S S Charleston,0,2,4,9-5,George Wood,Lemos De Souza,,2,2.75,,,,,,2.75, , ,11,,,0,-,-,0,,0,2,0,6.0,3.0,109,2,2,27,0,0,0,0,2,NO,NO,NO,, ,0,0,
2025-07-23,GB,DONCASTER,SFT,Novice Stakes,5f,5,17:45:00,12.0,See That Spark,0,2,0,9-7,Callum Rodriguez,Edward Bethell,,3,11,,,,,,11.0, , ,11,,,0,-,-,0,,0,0,0,0.0,0.0,10,7,0,0,0,0,0,0,0,NO,NO,,, ,0,0,
2025-07-23,GB,DONCASTER,SFT,Novice Stakes,5f,5,17:45:00,1.0,Summertime Madness,0,2,0,9-2,Kieran O´Neill,Alice Haynes,,3,11,,,,,,11.0, , ,11,,,0,-,-,0,,0,0,0,0.0,0.0,10,7,0,0,0,0,0,0,0,NO,NO,,, ,0,0,
2025-07-23,GB,DONCASTER,SFT,Novice Stakes,5f,5,17:45:00,4.0,Supreme Clarets,0,2,0,9-7,Jack Garritty,Richard Fahey,,3,11,,,,,,11.0, , ,11,,,0,-,-,0,,0,0,0,0.0,0.0,10,7,0,0,0,0,0,0,0,NO,NO,,, ,0,0,
2025-07-23,GB,DONCASTER,SFT,Novice Stakes,5f,5,17:45:00,11.0,Royal Bodyguard,0,2,8,9-7,Kieran Shoemark,Michael Bell,,6,13,,,,,,13.0, , ,11,,,0,-,-,0,,0,2,0,-30.15,-30.15,71,4,2,41,0,0,0,0,5,NO,NO,NO,, ,0,0,
2025-07-23,GB,DONCASTER,SFT,Novice Stakes,5f,5,17:45:00,7.0,Contorno,0,2,0,9-5,Andrew Elliott,Tom Tate,,7,26,,,,,,26.0, , ,11,,,0,-,-,0,,0,0,0,0.0,0.0,7,10,0,0,0,0,0,0,0,NO,NO,,, ,0,0,
2025-07-23,GB,DONCASTER,SFT,Novice Stakes,5f,5,17:45:00,10.0,Tharseo,0,2,0,9-5,Dougie Costello,Steph Hollinshead,,8,34,,,,,,34.0, , ,11,,,0,-,-,0,,0,0,0,0.0,0.0,7,10,0,0,0,0,0,0,0,NO,NO,,, ,0,0,
2025-07-23,GB,DONCASTER,SFT,Novice Stakes,5f,5,17:45:00,8.0,Twist Or Stick,0,2,6,9-0,Dominique Van Der Kraats,Alice Haynes,,8,34,,,,,,34.0, , ,11,,,0,-,-,0,,0,2,0,41.4,41.4,66,5,2,56,0,0,0,0,9,NO,NO,NO,, ,0,0,
2025-07-23,GB,DONCASTER,SFT,Novice Stakes,5f,5,17:45:00,5.0,No Way Hozay,0,2,10,9-0,Darragh Keenan,Michael Keady,H,8,34,,,,,,34.0, , ,11,,,0,-,-,0,,0,2,0,72.85,72.85,78,3,2,27,0,0,0,0,8,NO,NO,NO,, ,0,0,
2025-07-23,GB,DONCASTER,SFT,Novice Stakes,5f,5,17:45:00,3.0,Breeze Star,0,2,0,9-7,Sean Kirrane,Noel Wilson,,8,34,,,,,,34.0, , ,11,,,0,-,-,0,,0,0,0,0.0,0.0,7,10,0,0,0,0,0,0,0,NO,NO,,, ,0,0,
2025-07-23,GB,DONCASTER,SFT,Other Handicap,6f,6,18:20:00,3.0,Missmimi,54,5,4,9-5,Joanna Mason,Tina Jackson,,1,SS,,,,,,2.75, , ,7,,,0,-,-,0,,0,12,2,28.42,45.03,102,1,17,15,0,1,1,0,1,NO,YES,YES,, ,0,0,
2025-07-23,GB,DONCASTER,SFT,Other Handicap,6f,6,18:20:00,6.0,Ishe Worth Agamble,56,4,2,9-7,Sean Kirrane,Tim Easterby,TC,2,5,,,,,,5.0, , ,7,,,0,-,-,0,,0,14,1,19.9,11.42,100,2,18,19,1,2,2,0,4,YES,YES,NO,, ,0,0,
2025-07-23,GB,DONCASTER,SFT,Other Handicap,6f,6,18:20:00,5.0,Hurstwood,57,8,7,9-8,Aiden Brookes,Peter Niven,,3,5.5,,,,,,5.5, , ,7,,,0,-,-,0,,0,21,1,25.68,22.85,95,3,74,21,0,9,8,1,2,NO,YES,NO,, ,0,0,
2025-07-23,GB,DONCASTER,SFT,Other Handicap,6f,6,18:20:00,7.0,Supernova Steps,50,4,6,9-1,Rossa Ryan,David Loughnane,,3,5.5,,,,,,5.5, , ,7,,,0,-,-,0,,0,14,0,-31.18,7.67,84,4,14,15,0,1,1,0,4,NO,YES,NO,, ,0,0,
2025-07-23,GB,DONCASTER,SFT,Other Handicap,6f,6,18:20:00,2.0,Punchbowl Flyer,58,8,5,9-9,Georgia Dobie,John O´Shea,B,5,6.5,,,,,,6.5, , ,7,,,0,-,-,0,,0,11,0,14.06,15.4,81,5,50,46,0,7,0,2,2,NO,YES,NO,, ,0,0,
2025-07-23,GB,DONCASTER,SFT,Other Handicap,6f,6,18:20:00,1.0,Crafty Spirit,55,4,5,9-6,Tom Eaves,John Wainwright,V,6,15,,,,,,15.0, , ,7,,,0,-,-,0,,0,13,0,-21.16,11.4,77,6,15,8,0,1,1,0,5,NO,YES,YES,, ,0,0,
2025-07-23,GB,DONCASTER,SFT,Other Handicap,6f,6,18:20:00,4.0,Ever Driven,58,4,6,9-9,Pierre-Louis Jamin,Tom Dascombe,,7,26,,,,,,26.0, , ,7,,,0,-,-,0,,0,5,0,-22.7,-22.7,74,7,7,63,0,0,0,0,9,NO,NO,NO,, ,0,0,
2025-07-23,GB,DONCASTER,SFT,Other Handicap,6f,4,18:50:00,12.0,Shiplake,79,3,8,9-3,Kieran Shoemark,Charles Hills,H,1,4.5,,,,,,4.5, , ,12,,,0,-,-,0,,0,4,1,75.23,75.23,119,1,4,13,0,1,0,0,2,NO,YES,NO,, ,0,0,
2025-07-23,GB,DONCASTER,SFT,Other Handicap,6f,4,18:50:00,3.0,Who Wants Me,67,3,6,8-5,Andrew Mullen,Iain Jardine,,11,26,,,,,,26.0, , ,12,,,0,-,-,0,,0,9,0,-15.52,28.24,101,10,9,13,0,0,0,0,6,NO,NO,NO,, ,0,0,
2025-07-23,GB,DONCASTER,SFT,Other Handicap,6f,4,18:50:00,8.0,Blazing Son,76,7,9,9-5,Andrew Breslin,Bryan Smart,,12,34,,,,,,34.0, , ,12,,,0,-,-,0,,0,11,1,62.72,33.49,108,5,34,18,0,5,0,0,14,NO,YES,NO,, ,0,0,
2025-07-23,GB,DONCASTER,SFT,Other Handicap,6f,4,18:50:00,1.0,Sergeant Pep,85,5,4,10-0,Rossa Ryan,Clive Cox,,2,6,,,,,,6.0, , ,12,,,0,-,-,0,,0,10,1,43.1,40.31,116,2,23,53,0,2,3,2,3,NO,YES,NO,, ,0,0,
2025-07-23,GB,DONCASTER,SFT,Other Handicap,6f,4,18:50:00,10.0,Pixie Diva,77,3,5,9-1,Darragh Keenan,George Scott,,3,7.5,,,,,,7.5, , ,12,,,0,-,-,0,,0,2,1,73.85,73.85,111,4,2,22,0,1,1,0,3,NO,YES,NO,, ,0,0,
2025-07-23,GB,DONCASTER,SFT,Other Handicap,6f,4,18:50:00,9.0,Tiriac,76,5,3,9-5,David Nolan,Paul Midgley,,4,8,,,,,,8.0, , ,12,,,0,-,-,0,,0,13,0,8.12,35.38,104,8,24,18,1,3,3,0,8,YES,YES,NO,, ,0,0,
2025-07-23,GB,DONCASTER,SFT,Other Handicap,6f,4,18:50:00,7.0,Al Barez,85,6,5,10-0,Silvestre De Sousa,Tom Clover,C,4,8,,,,,,8.0, , ,12,,,0,-,-,0,,0,11,0,26.8,33.78,107,6,17,37,1,5,2,0,4,YES,YES,NO,, ,0,0,
2025-07-23,GB,DONCASTER,SFT,Other Handicap,6f,4,18:50:00,11.0,Territorial Knight,82,3,5,9-6,Tom Eaves,Kevin Ryan,,6,8.5,,,,,,8.5, , ,12,,,0,-,-,0,,0,9,0,45.95,38.24,106,7,9,25,0,1,1,0,3,NO,YES,NO,, ,0,0,
2025-07-23,GB,DONCASTER,SFT,Other Handicap,6f,4,18:50:00,4.0,It Just Takes Time,81,7,9,9-10,Jack Garritty,Mark Walford,,7,9,,,,,,9.0, , ,12,,,0,-,-,0,,0,19,0,29.42,20.79,103,9,58,12,1,5,5,1,5,YES,YES,NO,, ,0,0,
2025-07-23,GB,DONCASTER,SFT,Other Handicap,6f,4,18:50:00,5.0,Irish Nectar,79,4,3,9-8,Shane Gray,Kevin Ryan,C,8,10,,,,,,10.0, , ,12,,,0,-,-,0,,0,11,1,-17.24,-7.35,113,3,17,21,1,1,2,3,11,YES,YES,NO,, ,0,0,
2025-07-23,GB,DONCASTER,SFT,Other Handicap,6f,4,18:50:00,2.0,Law Of Design,80,3,6,9-4,Billy Loughnane,Brian Meehan,B,9,21,,,,,,21.0, , ,12,,,0,-,-,0,,0,6,1,11.15,9.0,99,11,6,17,0,0,0,1,8,NO,NO,NO,, ,0,0,
2025-07-23,GB,DONCASTER,SFT,Other Handicap,6f,4,18:50:00,6.0,Golden Strike,72,4,4,9-1,Ryan Sexton,Richard Fahey,,9,21,,,,,,21.0, , ,12,,,0,-,-,0,,0,5,1,20.18,20.18,99,11,7,18,0,2,0,1,10,NO,YES,NO,, ,0,0,
2025-07-23,GB,DONCASTER,SFT,Other Handicap,1m2f,4,19:20:00,2.0,Perfect Your Craft,82,3,8,9-6,Rossa Ryan,Ralph Beckett,,1,3.25,,,,,,3.25, , ,6,,,0,-,-,0,,0,2,1,53.05,53.05,109,2,2,60,0,0,1,0,8,NO,NO,NO,, ,0,0,
2025-07-23,GB,DONCASTER,SFT,Other Handicap,1m2f,4,19:20:00,3.0,Elas Gem,76,3,6,9-0,Kieran Shoemark,Ed Walker,,2,4,,,,,,4.0, , ,6,,,0,-,-,0,,0,2,1,0.0,0.0,109,2,2,27,0,1,0,0,1,NO,YES,NO,, ,0,0,
2025-07-23,GB,DONCASTER,SFT,Other Handicap,1m2f,4,19:20:00,6.0,Model Yuko,85,3,7,9-9,Silvestre De Sousa,Roger Varian,,3,5.5,,,,,,5.5, , ,6,,,0,-,-,0,,0,3,1,48.77,48.77,106,4,3,37,0,0,0,0,1,NO,NO,YES,, ,0,0,
2025-07-23,GB,DONCASTER,SFT,Other Handicap,1m2f,4,19:20:00,5.0,Roarin Success,82,5,8,10-1,Oisin Murphy,Harry Charlton,,4,7,,,,,,7.0, , ,6,,,0,-,-,0,,0,10,1,25.18,12.58,103,5,17,38,0,0,1,0,1,NO,NO,YES,, ,0,0,
2025-07-23,GB,DONCASTER,SFT,Other Handicap,1m2f,4,19:20:00,4.0,Pomme Pomme,80,3,10,9-4,Rose Dawes,Jack Channon,,5,7.5,,,,,,7.5, , ,6,,,0,-,-,0,,0,9,4,87.16,61.7,110,1,9,27,0,4,0,0,3,NO,YES,NO,, ,0,0,
2025-07-23,GB,DONCASTER,SFT,Other Handicap,1m2f,4,19:20:00,1.0,Nightsinwhitesatin,69,3,2,8-7,Saffie Osborne,Edward Bethell,,6,8,,,,,,8.0, , ,6,,,0,-,-,0,,0,3,0,45.3,45.3,91,6,3,27,0,0,0,0,2,NO,NO,NO,, ,0,0,
2025-07-23,GB,DONCASTER,SFT,Other Handicap,1m,6,19:55:00,1.0,Weve Got This,63,3,7,9-7,Tom Eaves,Ivan Furtado,,1,5,,,,,,5.0, , ,12,,,0,-,-,0,,0,8,1,52.52,30.04,97,1,8,33,0,0,1,0,1,NO,NO,YES,, ,0,0,
2025-07-23,GB,DONCASTER,SFT,Other Handicap,1m,6,19:55:00,6.0,Kittys Dream,61,3,6,9-5,Kieran O´Neill,Alice Haynes,T,11,26,,,,,,26.0, , ,12,,,0,-,-,0,,0,4,0,46.63,46.63,74,11,4,134,0,0,0,0,9,NO,NO,YES,, ,0,0,
2025-07-23,GB,DONCASTER,SFT,Other Handicap,1m,6,19:55:00,5.0,Lasswade,46,3,5,8-4,Aiden Brookes,Ed de Giles,,12,67,,,,,,67.0, , ,12,,,0,-,-,0,,0,5,0,51.53,30.92,72,12,5,13,0,0,0,0,10,NO,NO,NO,, ,0,0,
2025-07-23,GB,DONCASTER,SFT,Other Handicap,1m,6,19:55:00,11.0,Coeur Jaune,63,3,4,9-7,David Nolan,David O´Meara,,2,6,,,,,,6.0, , ,12,,,0,-,-,0,,0,10,0,-0.88,-12.11,94,4,10,8,0,0,0,0,2,NO,NO,NO,, ,0,0,
2025-07-23,GB,DONCASTER,SFT,Other Handicap,1m,6,19:55:00,2.0,Echo Of Glory,62,3,7,9-6,Oisin Murphy,Daniel & Claire Kubler,,3,8,,,,,,8.0, , ,12,,,0,-,-,0,,0,6,1,33.66,31.38,96,2,6,14,0,1,1,0,7,NO,YES,NO,, ,0,0,
2025-07-23,GB,DONCASTER,SFT,Other Handicap,1m,6,19:55:00,4.0,Moonlight Bomb,64,3,3,9-8,Saffie Osborne,Jamie Osborne,,3,8,,,,,,8.0, , ,12,,,0,-,-,0,,0,5,0,17.96,17.96,85,8,5,14,0,0,0,0,3,NO,NO,NO,, ,0,0,
2025-07-23,GB,DONCASTER,SFT,Other Handicap,1m,6,19:55:00,3.0,Charming Fellow,59,3,6,9-3,Billy Loughnane,Peter Chapple-Hyam,,3,8,,,,,,8.0, , ,12,,,0,-,-,0,,0,6,1,59.62,54.08,96,2,6,263,0,1,0,1,3,NO,YES,NO,, ,0,0,
2025-07-23,GB,DONCASTER,SFT,Other Handicap,1m,6,19:55:00,9.0,Panama Black,65,3,3,9-9,Rossa Ryan,Brian Meehan,,3,8,,,,,,8.0, , ,12,,,0,-,-,0,,0,12,0,-18.6,29.88,89,6,12,24,0,1,0,0,6,NO,YES,NO,, ,0,0,
2025-07-23,GB,DONCASTER,SFT,Other Handicap,1m,6,19:55:00,7.0,Law Degree,61,3,3,9-5,Sean Kirrane,Tim Easterby,C,7,9,,,,,,9.0, , ,12,,,0,-,-,0,,0,18,0,30.86,34.63,91,5,18,13,0,1,1,2,8,NO,YES,YES,, ,0,0,
2025-07-23,GB,DONCASTER,SFT,Other Handicap,1m,6,19:55:00,12.0,Maeva,65,3,4,9-9,Kieran Shoemark,Charlie Fellowes,HT,7,9,,,,,,9.0, , ,12,,,0,-,-,0,,0,3,0,-29.67,-29.67,79,10,3,24,0,0,0,0,3,NO,NO,NO,, ,0,0,
2025-07-23,GB,DONCASTER,SFT,Other Handicap,1m,6,19:55:00,10.0,Mrbluesky,62,3,6,9-6,Ethan Tindall,Richard Fahey,C,9,13,,,,,,13.0, , ,12,,,0,-,-,0,,0,11,1,34.6,-0.05,87,7,11,12,0,0,1,0,7,NO,NO,YES,, ,0,0,
2025-07-23,GB,DONCASTER,SFT,Other Handicap,1m,6,19:55:00,8.0,Candle Of Time,56,3,5,9-0,Ryan Sexton,Julie Camacho,H,9,13,,,,,,13.0, , ,12,,,0,-,-,0,,0,5,0,46.44,46.44,82,9,5,27,0,0,0,0,10,NO,NO,NO,, ,0,0,
2025-07-23,GB,DONCASTER,SFT,Other Handicap,7f,5,20:30:00,3.0,Hunky Dory,70,3,4,9-9,Kieran Shoemark,Ed Walker,,1,5,,,,,,5.0, , ,13,,,0,-,-,0,,0,6,0,59.63,43.47,97,3,6,31,0,0,0,0,4,NO,NO,NO,, ,0,0,
2025-07-23,GB,DONCASTER,SFT,Other Handicap,7f,5,20:30:00,5.0,Amelias Joy,66,3,8,9-5,Dylan Hogan,Michael Herrington,,10,17,,,,,,17.0, , ,13,,,0,-,-,0,,0,3,0,-14.6,-14.6,87,9,3,242,0,0,0,0,3,NO,NO,YES,, ,0,0,
2025-07-23,GB,DONCASTER,SFT,Other Handicap,7f,5,20:30:00,10.0,Unforgetable Belle,65,3,6,9-4,Kieran O´Neill,Alice Haynes,H,10,17,,,,,,17.0, , ,13,,,0,-,-,0,,0,6,1,21.4,22.25,93,4,6,56,0,1,0,0,11,NO,YES,NO,, ,0,0,
2025-07-23,GB,DONCASTER,SFT,Other Handicap,7f,5,20:30:00,8.0,Defence Missile,66,3,4,9-5,Tommie Jakes,Linda Perratt,,12,26,,,,,,26.0, , ,13,,,0,-,-,0,,0,9,0,-1.52,18.86,83,11,9,32,0,0,0,0,5,NO,NO,NO,, ,0,0,
2025-07-23,GB,DONCASTER,SFT,Other Handicap,7f,5,20:30:00,6.0,Line Of Force,68,3,3,9-7,David Nolan,Gemma Tutty,,12,26,,,,,,26.0, , ,13,,,0,-,-,0,,0,15,0,31.3,27.19,86,10,15,12,0,0,2,0,11,NO,NO,NO,, ,0,0,
2025-07-23,GB,DONCASTER,SFT,Other Handicap,7f,5,20:30:00,9.0,Luminous Warrior,66,3,3,9-5,Oisin Murphy,James Ferguson,TB,2,6.5,,,,,,6.5, , ,13,,,0,-,-,0,,0,4,0,-10.4,-10.4,92,5,4,13,0,0,0,0,3,NO,NO,NO,, ,0,0,
2025-07-23,GB,DONCASTER,SFT,Other Handicap,7f,5,20:30:00,11.0,Call Me Betty,66,3,5,9-5,Sean Kirrane,Michael Dods,,3,8,,,,,,8.0, , ,13,,,0,-,-,0,,0,3,1,52.87,52.87,101,1,3,30,0,1,1,0,1,NO,YES,NO,, ,0,0,
2025-07-23,GB,DONCASTER,SFT,Other Handicap,7f,5,20:30:00,2.0,The Childe Of Hale,68,3,2,9-7,Tom Eaves,Ivan Furtado,,3,8,,,,,,8.0, , ,13,,,0,-,-,0,,0,6,0,7.64,10.37,92,5,6,20,0,0,0,0,4,NO,NO,NO,, ,0,0,
2025-07-23,GB,DONCASTER,SFT,Other Handicap,7f,5,20:30:00,1.0,Me Tarzan,67,3,9,9-6,George Wood,James Fanshawe,V,5,8.5,,,,,,8.5, , ,13,,,0,-,-,0,,0,10,2,42.62,6.12,99,2,10,24,0,2,0,0,8,NO,YES,NO,, ,0,0,
2025-07-23,GB,DONCASTER,SFT,Other Handicap,7f,5,20:30:00,7.0,Ottawa,70,3,8,9-9,Benoit De La Sayette,Joseph Parr,,6,9,,,,,,9.0, , ,13,,,0,-,-,0,,0,3,0,55.47,55.47,89,7,3,23,0,0,0,0,3,NO,NO,YES,, ,0,0,
2025-07-23,GB,DONCASTER,SFT,Other Handicap,7f,5,20:30:00,4.0,Mums Angel,70,3,5,9-9,Rossa Ryan,Clive Cox,,7,11,,,,,,11.0, , ,13,,,0,-,-,0,,0,3,0,-35.47,-35.47,81,12,3,31,0,0,0,0,7,NO,NO,NO,, ,0,0,
2025-07-23,GB,DONCASTER,SFT,Other Handicap,7f,5,20:30:00,13.0,Reenies Dream,60,3,3,8-13,Andrew Breslin,Bryan Smart,,8,12,,,,,,12.0, , ,13,,,0,-,-,0,,0,3,0,-43.73,-43.73,79,13,3,26,0,0,0,0,4,NO,NO,NO,, ,0,0,
2025-07-23,GB,DONCASTER,SFT,Other Handicap,7f,5,20:30:00,12.0,Tam Lin,67,3,8,9-6,Dominique Van Der Kraats,Alice Haynes,H,9,13,,,,,,13.0, , ,13,,,0,-,-,0,,0,14,1,28.62,15.14,89,7,14,55,0,1,0,0,6,NO,YES,NO,, ,0,0,
2025-07-23,GB,LEICESTER,GTS,Other Handicap,1m,6,17:30:00,8.0,Currahee,61,3,7,10-1,Marco Ghiani,Stuart Williams,,1,2.63,,,,,,2.63, , ,9,,,0,-,-,0,,0,6,1,13.6,13.6,94,2,6,6,1,0,1,0,1,YES,NO,YES,, ,0,0,
2025-07-23,GB,LEICESTER,GTS,Other Handicap,1m,6,17:30:00,4.0,Lambournghini,51,3,8,9-5,Joe Leavy,David Evans,,2,3.5,,,,,,3.5, , ,9,,,0,-,-,0,,0,7,2,76.65,60.48,96,1,7,15,0,1,2,0,1,NO,YES,NO,, ,0,0,
2025-07-23,GB,LEICESTER,GTS,Other Handicap,1m,6,17:30:00,6.0,Desert Charm,54,3,2,9-8,Callum Shepherd,Mike Murphy,,3,9,,,,,,9.0, , ,9,,,0,-,-,0,,0,5,1,20.25,16.2,83,3,5,32,0,1,1,0,4,NO,YES,YES,, ,0,0,
2025-07-23,GB,LEICESTER,GTS,Other Handicap,1m,6,17:30:00,9.0,Unknown Journey,55,3,5,9-9,Jack Doughty,Tony Carroll,,3,9,,,,,,9.0, , ,9,,,0,-,-,0,,0,9,0,1.02,4.51,77,4,9,28,0,0,0,0,4,NO,NO,YES,, ,0,0,
2025-07-23,GB,LEICESTER,GTS,Other Handicap,1m,6,17:30:00,3.0,Pretty Spirited,47,3,6,9-1,Alec Voikhansky,Kevin Frost,,5,10,,,,,,10.0, , ,9,,,0,-,-,0,,0,7,0,36.43,17.71,73,6,7,18,0,0,0,0,4,NO,NO,NO,, ,0,0,
2025-07-23,GB,LEICESTER,GTS,Other Handicap,1m,6,17:30:00,5.0,Capricorn King,48,3,3,9-2,Nathan Evans,Seb Spencer,,6,11,,,,,,11.0, , ,9,,,0,-,-,0,,0,7,0,12.08,-19.14,76,5,7,258,0,0,0,0,3,NO,NO,NO,, ,0,0,
2025-07-23,GB,LEICESTER,GTS,Other Handicap,1m,6,17:30:00,2.0,Jimmy Henry,46,3,5,9-0,Andrea Pinna,Michael Herrington,C,7,17,,,,,,17.0, , ,9,,,0,-,-,0,,0,12,0,23.46,-4.54,63,7,12,6,0,0,0,0,5,NO,NO,YES,, ,0,0,
2025-07-23,GB,LEICESTER,GTS,Other Handicap,1m,6,17:30:00,1.0,Platinum Babe,46,3,8,9-0,Ryan Kavanagh,Ian Williams,T,7,17,,,,,,17.0, , ,9,,,0,-,-,0,,0,3,0,9.37,9.37,59,8,3,26,0,0,0,0,6,NO,NO,NO,, ,0,0,
2025-07-23,GB,LEICESTER,GTS,Other Handicap,1m,6,17:30:00,7.0,Lady Monroe,46,3,3,9-0,Pat Cosgrave,Ed de Giles,B,9,81,,,,,,81.0, , ,9,,,0,-,-,0,,0,5,0,-22.07,-16.55,46,9,5,21,0,0,0,0,8,NO,NO,YES,, ,0,0,
2025-07-23,GB,LEICESTER,GTS,Maiden,5f,5,18:00:00,3.0,Star Of Mali,0,3,0,9-7,Neil Callan,James Tate,,1,2.38,,,,,,2.38, , ,7,,,0,-,-,0,,0,1,0,51.4,51.4,102,2,1,18,0,0,0,0,3,NO,NO,NO,, ,0,0,
2025-07-23,GB,LEICESTER,GTS,Maiden,5f,5,18:00:00,7.0,In The City,75,3,8,9-7,Charles Bishop,Warren Greatrex,,2,2.88,,,,,,2.88, , ,7,,,0,-,-,0,,0,4,0,37.43,37.43,115,1,4,18,0,0,0,0,2,NO,NO,NO,, ,0,0,
2025-07-23,GB,LEICESTER,GTS,Maiden,5f,5,18:00:00,4.0,Our Planet,78,3,4,9-7,Callum Shepherd,Michael Keady,H,3,4.5,,,,,,4.5, , ,7,,,0,-,-,0,,0,5,0,-18.16,-18.16,102,2,5,23,0,0,0,0,5,NO,NO,NO,, ,0,0,
2025-07-23,GB,LEICESTER,GTS,Maiden,5f,5,18:00:00,6.0,Harry Rocket,0,3,0,9-7,Marco Ghiani,P Charalambous & J Clutterbuck,,4,13,,,,,,13.0, , ,7,,,0,-,-,0,,0,0,0,0.0,0.0,7,4,0,0,0,0,0,0,0,NO,NO,,, ,0,0,
2025-07-23,GB,LEICESTER,GTS,Maiden,5f,5,18:00:00,5.0,Donald,0,3,0,9-7,Lewis Edmunds,David & Nicola Barron,,5,21,,,,,,21.0, , ,7,,,0,-,-,0,,0,0,0,0.0,0.0,7,4,0,0,0,0,0,0,0,NO,NO,,, ,0,0,
2025-07-23,GB,LEICESTER,GTS,Maiden,5f,5,18:00:00,1.0,Havana Miss,0,4,0,9-6,Joey Haynes,Scott Dixon,,6,26,,,,,,26.0, , ,7,,,0,-,-,0,,0,0,0,0.0,0.0,7,4,0,0,0,0,0,0,0,NO,NO,,, ,0,0,
2025-07-23,GB,LEICESTER,GTS,Maiden,5f,5,18:00:00,2.0,Kamberleigh,0,3,7,9-7,Liam Wright,Darryll Holland,,7,34,,,,,,34.0, , ,7,,,0,-,-,0,,0,1,0,25.2,25.2,7,4,1,18,0,0,0,0,7,NO,NO,NO,, ,0,0,
2025-07-23,GB,LEICESTER,GTS,Other Handicap,1m4f,5,18:30:00,5.0,Solar Pass,69,3,7,9-0,Callum Hutchinson,Andrew Balding,,1,4.5,,,,,,4.5, , ,8,,,0,-,-,0,,0,5,1,30.86,30.86,101,1,5,30,0,0,1,0,2,NO,NO,YES,, ,0,0,
2025-07-23,GB,LEICESTER,GTS,Other Handicap,1m4f,5,18:30:00,6.0,Word Of Mouth,72,3,2,9-3,Daniel Muscutt,James Ferguson,,1,4.5,,,,,,4.5, , ,8,,,0,-,-,0,,0,5,0,61.7,61.7,96,3,5,27,0,0,0,0,2,NO,NO,YES,, ,0,0,
2025-07-23,GB,LEICESTER,GTS,Other Handicap,1m4f,5,18:30:00,2.0,Requisite,75,3,8,9-6,Richard Kingscote,Ralph Beckett,,3,5.5,,,,,,5.5, , ,8,,,0,-,-,0,,0,3,0,43.0,43.0,92,4,3,28,0,0,0,0,3,NO,NO,YES,, ,0,0,
2025-07-23,GB,LEICESTER,GTS,Other Handicap,1m4f,5,18:30:00,7.0,Percys Daydream,70,3,6,9-1,Kevin Stott,David O´Meara,,3,5.5,,,,,,5.5, , ,8,,,0,-,-,0,,0,5,1,72.38,72.38,97,2,5,19,0,0,1,0,2,NO,NO,YES,, ,0,0,
2025-07-23,GB,LEICESTER,GTS,Other Handicap,1m4f,5,18:30:00,4.0,Aiming High,72,6,2,10-0,Callum Shepherd,David Simcock,H,5,8,,,,,,8.0, , ,8,,,0,-,-,0,,0,17,1,33.94,23.63,91,5,34,20,0,2,3,0,4,NO,YES,YES,, ,0,0,
2025-07-23,GB,LEICESTER,GTS,Other Handicap,1m4f,5,18:30:00,3.0,Betty Bassett,64,3,6,8-9,Marco Ghiani,Ian Williams,,6,9,,,,,,9.0, , ,8,,,0,-,-,0,,0,6,1,30.74,26.67,88,6,6,19,0,0,0,0,5,NO,NO,YES,, ,0,0,
2025-07-23,GB,LEICESTER,GTS,Other Handicap,1m4f,5,18:30:00,1.0,Timeless Charm,74,4,7,10-2,David Egan,Kevin Philippart De Foy,,7,11,,,,,,11.0, , ,8,,,0,-,-,0,,0,6,0,-0.04,-0.42,84,7,8,22,0,0,1,0,7,NO,NO,YES,, ,0,0,
2025-07-23,GB,LEICESTER,GTS,Other Handicap,1m4f,5,18:30:00,8.0,Cynthia,61,3,3,8-6,Adam Farragher,James Horton,,8,17,,,,,,17.0, , ,8,,,0,-,-,0,,0,3,0,23.5,23.5,77,8,3,77,0,0,0,0,5,NO,NO,NO,, ,0,0,
2025-07-23,GB,LEICESTER,GTS,Other Handicap,1m2f,6,19:00:00,1.0,Sansanetti,54,3,5,9-5,Pat Cosgrave,Stuart Williams,,1,3,,,,,,3.0, , ,12,,,0,-,-,0,,0,5,2,53.53,53.53,99,1,5,18,1,2,2,0,1,YES,YES,NO,, ,0,0,
2025-07-23,GB,LEICESTER,GTS,Other Handicap,1m2f,6,19:00:00,7.0,Lawn Ranger,52,10,9,9-12,Robert Havlin,Michael Attwater,,10,26,,,,,,26.0, , ,12,,,0,-,-,0,,0,7,0,36.6,29.16,66,7,68,42,0,6,0,2,10,NO,YES,NO,, ,0,0,
2025-07-23,GB,LEICESTER,GTS,Other Handicap,1m2f,6,19:00:00,4.0,La Trinite,55,3,6,9-6,Daniel Muscutt,Mike Murphy,T,11,51,,,,,,51.0, , ,12,,,0,-,-,0,,0,6,0,43.9,51.05,62,10,6,15,0,0,0,0,6,NO,NO,NO,, ,0,0,
2025-07-23,GB,LEICESTER,GTS,Other Handicap,1m2f,6,19:00:00,5.0,Shop Local,45,4,2,9-5,Charles Bishop,Sheena West,,11,51,,,,,,51.0, , ,12,,,0,-,-,0,,0,4,0,9.35,9.35,63,9,5,85,0,0,0,0,11,NO,NO,YES,, ,0,0,
2025-07-23,GB,LEICESTER,GTS,Other Handicap,1m2f,6,19:00:00,3.0,Orchestral Wave,53,3,4,9-4,Josephine Gordon,Jack Morland,TC,2,5,,,,,,5.0, , ,12,,,0,-,-,0,,0,9,0,25.2,-4.08,79,2,9,3,0,0,0,0,2,NO,NO,YES,, ,0,0,
2025-07-23,GB,LEICESTER,GTS,Other Handicap,1m2f,6,19:00:00,9.0,Free Pic,47,4,6,9-7,Paul Mulrennan,Joel Parkinson & Sue Smith,,3,6.5,,,,,,6.5, , ,12,,,0,-,-,0,,0,6,0,49.83,40.25,75,3,6,8,0,0,0,0,2,NO,NO,YES,, ,0,0,
2025-07-23,GB,LEICESTER,GTS,Other Handicap,1m2f,6,19:00:00,2.0,Garibaldi Memory,52,3,6,9-3,David Egan,Dylan Cunha,C,4,8,,,,,,8.0, , ,12,,,0,-,-,0,,0,6,0,-3.6,-7.5,67,6,6,23,0,0,0,0,7,NO,NO,YES,, ,0,0,
2025-07-23,GB,LEICESTER,GTS,Other Handicap,1m2f,6,19:00:00,11.0,Princess Qajar,52,3,5,9-3,Joe Leavy,Roger Teal,,5,10,,,,,,10.0, , ,12,,,0,-,-,0,,0,6,0,-20.74,-1.82,61,11,6,15,0,0,0,0,5,NO,NO,YES,, ,0,0,
2025-07-23,GB,LEICESTER,GTS,Other Handicap,1m2f,6,19:00:00,10.0,Clipsham Noble,49,3,3,9-0,Christian Howarth,Alice Haynes,HC,5,10,,,,,,10.0, , ,12,,,0,-,-,0,,0,15,1,76.8,20.64,72,4,15,25,0,0,1,0,3,NO,NO,YES,, ,0,0,
2025-07-23,GB,LEICESTER,GTS,Other Handicap,1m2f,6,19:00:00,6.0,Jack Andrea,55,3,3,9-6,Lewis Edmunds,Robert Eddery,,7,13,,,,,,13.0, , ,12,,,0,-,-,0,,0,12,0,20.26,12.98,64,8,12,33,0,0,0,0,5,NO,NO,YES,, ,0,0,
2025-07-23,GB,LEICESTER,GTS,Other Handicap,1m2f,6,19:00:00,8.0,Pacific Man,48,3,5,8-13,Ben Sanderson,Oliver Greenall & Josh Guerriero,TC,8,15,,,,,,15.0, , ,12,,,0,-,-,0,,0,4,0,22.8,17.1,55,12,4,62,0,0,0,0,4,NO,NO,YES,, ,0,0,
2025-07-23,GB,LEICESTER,GTS,Other Handicap,1m2f,6,19:00:00,12.0,Tonal,47,5,7,9-7,Richard Kingscote,Ian Williams,C,9,19,,,,,,19.0, , ,12,,,0,-,-,0,,0,13,0,20.46,43.09,68,5,14,18,0,0,1,0,9,NO,NO,YES,, ,0,0,
2025-07-23,GB,LEICESTER,GTS,Other Handicap,6f,4,19:33:00,5.0,Jetties Run,82,3,7,9-12,Richard Kingscote,Ralph Beckett,H,1,3,,,,,,3.0, , ,8,,,0,-,-,0,,0,3,1,47.4,47.4,111,1,3,51,0,1,1,0,7,NO,YES,NO,, ,0,0,
2025-07-23,GB,LEICESTER,GTS,Other Handicap,6f,4,19:33:00,6.0,Swiss Lightning,78,3,8,9-8,Robert Havlin,John & Thady Gosden,,2,4.33,,,,,,4.33, , ,8,,,0,-,-,0,,0,3,1,-4.03,-4.03,102,3,3,11,0,0,0,0,5,NO,NO,NO,, ,0,0,
2025-07-23,GB,LEICESTER,GTS,Other Handicap,6f,4,19:33:00,7.0,Taygar,71,4,3,9-6,Paul Mulrennan,Michael Dods,,3,6.5,,,,,,6.5, , ,8,,,0,-,-,0,,0,17,1,53.94,8.72,110,2,22,11,0,2,1,2,4,NO,YES,NO,, ,0,0,
2025-07-23,GB,LEICESTER,GTS,Other Handicap,6f,4,19:33:00,4.0,Handle With Care,77,3,6,9-7,David Egan,Marco Botti,,4,7.5,,,,,,7.5, , ,8,,,0,-,-,0,,0,9,1,51.03,-1.16,97,6,9,26,0,1,0,0,4,NO,YES,NO,, ,0,0,
2025-07-23,GB,LEICESTER,GTS,Other Handicap,6f,4,19:33:00,2.0,Glamour Show,77,3,5,9-7,Charles Bishop,Eve Johnson Houghton,,4,7.5,,,,,,7.5, , ,8,,,0,-,-,0,,0,10,1,24.56,24.47,97,6,10,40,0,1,1,0,6,NO,YES,NO,, ,0,0,
2025-07-23,GB,LEICESTER,GTS,Other Handicap,6f,4,19:33:00,8.0,Mae Amor,74,3,7,9-4,Kevin Stott,David O´Meara,V,6,11,,,,,,11.0, , ,8,,,0,-,-,0,,0,10,0,-42.24,-11.39,101,4,10,21,0,1,0,0,7,NO,YES,NO,, ,0,0,
2025-07-23,GB,LEICESTER,GTS,Other Handicap,6f,4,19:33:00,1.0,Lady Wingalong,70,6,4,9-5,Jordan Williams,David Evans,,7,15,,,,,,15.0, , ,8,,,0,-,-,0,,0,21,1,-9.18,34.38,95,8,28,14,0,2,0,0,5,NO,YES,NO,, ,0,0,
2025-07-23,GB,LEICESTER,GTS,Other Handicap,6f,4,19:33:00,3.0,Annsar,80,3,8,9-10,Jack Doughty,Jack Jones,,8,17,,,,,,17.0, , ,8,,,0,-,-,0,,0,5,2,46.24,46.24,101,4,5,12,0,1,0,0,8,NO,YES,NO,, ,0,0,
2025-07-23,GB,LEICESTER,GTS,Other Handicap,6f,6,20:08:00,4.0,Toota,55,3,1,8-13,Duran Fentiman,Tim Easterby,H,1,2.88,,,,,,2.88, , ,10,,,0,-,-,0,,0,10,0,31.0,34.8,105,1,10,6,0,0,0,0,2,NO,NO,NO,, ,0,0,
2025-07-23,GB,LEICESTER,GTS,Other Handicap,6f,6,20:08:00,9.0,Wild Embers,62,3,2,9-6,Adam Farragher,D Donovan,C,10,21,,,,,,21.0, , ,10,,,0,-,-,0,,0,5,0,27.68,27.68,80,8,5,20,0,0,0,0,9,NO,NO,NO,, ,0,0,
2025-07-23,GB,LEICESTER,GTS,Other Handicap,6f,6,20:08:00,2.0,Rumba Bay,62,3,3,9-6,Richard Kingscote,David Evans,,2,6,,,,,,6.0, , ,10,,,0,-,-,0,,0,16,1,15.68,33.77,96,3,16,34,0,2,3,0,4,NO,YES,YES,, ,0,0,
2025-07-23,GB,LEICESTER,GTS,Other Handicap,6f,6,20:08:00,1.0,Royal Accord,65,3,5,9-9,Marco Ghiani,Stuart Williams,,3,7,,,,,,7.0, , ,10,,,0,-,-,0,,0,15,2,63.28,31.01,97,2,15,15,0,1,3,0,5,NO,YES,NO,, ,0,0,
2025-07-23,GB,LEICESTER,GTS,Other Handicap,6f,6,20:08:00,3.0,Melissa Honey,59,3,4,9-3,Andrea Pinna,Michael Herrington,,4,8,,,,,,8.0, , ,10,,,0,-,-,0,,0,5,0,17.42,17.42,80,8,5,32,0,0,0,0,7,NO,NO,NO,, ,0,0,
2025-07-23,GB,LEICESTER,GTS,Other Handicap,6f,6,20:08:00,8.0,Cristalino,63,3,5,9-7,David Egan,Kevin Philippart De Foy,,5,10,,,,,,10.0, , ,10,,,0,-,-,0,,0,7,0,3.68,-12.97,82,6,7,154,0,0,0,0,4,NO,NO,NO,, ,0,0,
2025-07-23,GB,LEICESTER,GTS,Other Handicap,6f,6,20:08:00,10.0,Emporess,65,3,3,9-9,William Carson,Tony Carroll,,6,11,,,,,,11.0, , ,10,,,0,-,-,0,,0,12,0,3.6,8.32,83,5,12,47,0,0,0,0,9,NO,NO,NO,, ,0,0,
2025-07-23,GB,LEICESTER,GTS,Other Handicap,6f,6,20:08:00,6.0,Moby Quick,65,3,5,9-9,Callum Shepherd,George Scott,,6,11,,,,,,11.0, , ,10,,,0,-,-,0,,0,9,0,-2.0,4.38,87,4,9,29,0,0,0,0,7,NO,NO,NO,, ,0,0,
2025-07-23,GB,LEICESTER,GTS,Other Handicap,6f,6,20:08:00,5.0,Mapledurham,65,3,8,9-9,Lewis Edmunds,Rod Millman,,8,13,,,,,,13.0, , ,10,,,0,-,-,0,,0,7,0,39.65,38.27,81,7,7,13,0,0,0,0,9,NO,NO,NO,, ,0,0,
2025-07-23,GB,LEICESTER,GTS,Other Handicap,6f,6,20:08:00,7.0,My Mate Beattie,62,3,3,9-6,Robert Havlin,Ed Dunlop,V,9,17,,,,,,17.0, , ,10,,,0,-,-,0,,0,11,0,36.64,41.49,80,8,11,14,0,0,0,0,9,NO,NO,NO,, ,0,0,
2025-07-23,GB,LEICESTER,GTS,Other Handicap,7f,4,20:40:00,6.0,Arran,86,3,5,9-10,Daniel Muscutt,Oliver Cole,T,1,3.5,,,,,,3.5, , ,8,,,0,-,-,0,,0,4,1,27.33,27.33,111,3,4,9,0,0,1,0,3,NO,NO,YES,, ,0,0,
2025-07-23,GB,LEICESTER,GTS,Other Handicap,7f,4,20:40:00,5.0,Watch And Shoot,79,3,6,9-3,Callum Shepherd,George Scott,,2,3.75,,,,,,3.75, , ,8,,,0,-,-,0,,0,4,1,39.53,39.53,119,1,4,9,0,1,0,0,5,NO,YES,NO,, ,0,0,
2025-07-23,GB,LEICESTER,GTS,Other Handicap,7f,4,20:40:00,7.0,Lord Roxby,83,3,7,9-7,Rowan Scott,Nigel Tinkler,,3,5.5,,,,,,5.5, , ,8,,,0,-,-,0,,0,10,1,41.74,32.86,106,5,10,11,0,0,1,0,6,NO,NO,YES,, ,0,0,
2025-07-23,GB,LEICESTER,GTS,Other Handicap,7f,4,20:40:00,4.0,Excellent Echo,71,3,4,8-9,Jack Doughty,Dominic Ffrench Davis,,4,6.5,,,,,,6.5, , ,8,,,0,-,-,0,,0,6,0,48.9,24.08,100,6,6,46,0,0,0,0,3,NO,NO,NO,, ,0,0,
2025-07-23,GB,LEICESTER,GTS,Other Handicap,7f,4,20:40:00,3.0,Prodigal Son,71,3,6,8-9,David Egan,Heather Main,,5,9,,,,,,9.0, , ,8,,,0,-,-,0,,0,3,0,80.7,80.7,98,7,3,43,0,0,0,0,4,NO,NO,NO,, ,0,0,
2025-07-23,GB,LEICESTER,GTS,Other Handicap,7f,4,20:40:00,2.0,Apache Green,76,3,5,9-0,Ben Sanderson,S Woods,,6,13,,,,,,13.0, , ,8,,,0,-,-,0,,0,4,1,41.18,41.18,107,4,4,27,0,0,0,0,11,NO,NO,YES,, ,0,0,
2025-07-23,GB,LEICESTER,GTS,Other Handicap,7f,4,20:40:00,1.0,Rogue Invader,80,3,8,9-4,Robert Havlin,Alice Haynes,,7,15,,,,,,15.0, , ,8,,,0,-,-,0,,0,4,1,58.25,58.25,112,2,4,18,0,1,0,0,9,NO,YES,NO,, ,0,0,
2025-07-23,GB,LEICESTER,GTS,Other Handicap,7f,4,20:40:00,8.0,Chilly Breeze,75,3,9,8-13,Richard Kingscote,David Evans,,8,17,,,,,,17.0, , ,8,,,0,-,-,0,,0,3,1,70.97,70.97,94,8,3,93,0,0,0,0,9,NO,NO,YES,, ,0,0,
2025-07-23,GB,SALISBURY,GTF,Amateur,7f,6,14:15:00,9.0,Guiteau,55,5,9,11-2,Mr Simon Walker,Faye Bramley,,1,3.75,,,,,,3.75, , ,13,,,0,-,-,0,,0,12,0,24.34,23.49,78,1,26,6,0,2,1,0,2,NO,YES,NO,, ,0,0,
2025-07-23,GB,SALISBURY,GTF,Amateur,7f,6,14:15:00,10.0,Stacey Racey,51,4,3,10-12,Mr Louis Burke,Keiran Burke,,10,21,,,,,,21.0, , ,13,,,0,-,-,0,,0,15,0,-34.1,12.94,59,7,17,14,0,1,1,0,4,NO,YES,NO,, ,0,0,
2025-07-23,GB,SALISBURY,GTF,Amateur,7f,6,14:15:00,12.0,The Cola Kid,51,8,7,10-12,Mr Philip Thomas,Grace Harris,TB,10,21,,,,,,21.0, , ,13,,,0,-,-,0,,0,18,1,50.75,6.79,58,8,73,11,0,1,4,1,5,NO,YES,YES,, ,0,0,
2025-07-23,GB,SALISBURY,GTF,Amateur,7f,6,14:15:00,4.0,Almizan,46,4,8,10-7,Mr Henry Callan,Mark Usher,,12,26,,,,,,26.0, , ,13,,,0,-,-,0,,0,7,0,31.95,32.12,47,12,7,31,0,0,0,0,7,NO,NO,NO,, ,0,0,
2025-07-23,GB,SALISBURY,GTF,Amateur,7f,6,14:15:00,11.0,Juan Cool Dude,46,5,9,10-7,Mr Eddie Edge,Simon Hodgson,HE,13,34,,,,,,34.0, , ,13,,,0,-,-,0,,0,12,0,31.08,51.87,43,13,15,15,0,0,0,0,7,NO,NO,YES,, ,0,0,
2025-07-23,GB,SALISBURY,GTF,Amateur,7f,6,14:15:00,5.0,Endowed,53,8,7,11-0,Miss Imogen Mathias,John & Rhys Flint,TC,2,4.5,,,,,,4.5, , ,13,,,0,-,-,0,,0,9,2,74.76,69.49,74,2,49,30,0,0,2,3,1,NO,NO,YES,, ,0,0,
2025-07-23,GB,SALISBURY,GTF,Amateur,7f,6,14:15:00,6.0,Monks Mead,51,4,5,10-12,Mr Patrick Millman,Mark Usher,,3,7.5,,,,,,7.5, , ,13,,,0,-,-,0,,0,16,0,-5.86,-8.53,68,3,25,29,0,1,2,1,3,NO,YES,NO,, ,0,0,
2025-07-23,GB,SALISBURY,GTF,Amateur,7f,6,14:15:00,7.0,Bated Breeze,52,4,5,10-13,Mr Jude Fernandes,Gary & Josh Moore,,4,9,,,,,,9.0, , ,13,,,0,-,-,0,,0,9,0,13.06,38.08,55,11,13,46,0,0,0,0,2,NO,NO,NO,, ,0,0,
2025-07-23,GB,SALISBURY,GTF,Amateur,7f,6,14:15:00,2.0,The Cola Brasil,47,9,3,10-8,Mr Kenny Roussety,Michael Bell,V,5,11,,,,,,11.0, , ,13,,,0,-,-,0,,0,18,0,-30.96,-28.56,60,6,38,26,0,2,0,0,4,NO,YES,YES,, ,0,0,
2025-07-23,GB,SALISBURY,GTF,Amateur,7f,6,14:15:00,8.0,Amathus,50,8,3,10-11,Mr Frederick Tett,Patrick Chamings,V,5,11,,,,,,11.0, , ,13,,,0,-,-,0,,0,14,0,-12.76,-23.67,58,8,49,23,1,3,3,5,11,YES,YES,NO,, ,0,0,
2025-07-23,GB,SALISBURY,GTF,Amateur,7f,6,14:15:00,13.0,Mashaan,55,7,7,11-2,Mr Paul Hainey,Alice Haynes,,7,13,,,,,,13.0, , ,13,,,0,-,-,0,,0,15,0,-6.4,16.14,58,8,51,37,0,4,4,0,5,NO,YES,NO,, ,0,0,
2025-07-23,GB,SALISBURY,GTF,Amateur,7f,6,14:15:00,3.0,Beau Jardine,55,7,6,11-2,Miss Arabella Fox,Rachel Cook & John Bridger,B,7,13,,,,,,13.0, , ,13,,,0,-,-,0,,0,14,0,7.22,6.59,65,4,32,43,2,1,2,0,9,YES,YES,YES,, ,0,0,
2025-07-23,GB,SALISBURY,GTF,Amateur,7f,6,14:15:00,1.0,Letter Of The Law,46,6,9,10-7,Miss Iesha Wilding,John O´Shea,B,9,15,,,,,,15.0, , ,13,,,0,-,-,0,,0,21,0,-1.5,15.38,63,5,58,12,0,1,3,1,2,NO,YES,NO,, ,0,0,
2025-07-23,GB,SALISBURY,GTF,Novice Stakes,6f,4,14:50:00,6.0,Assiri Heights,0,2,0,9-2,William Buick,Andrew Balding,,1,2.25,,,,,,2.25, , ,10,,,0,-,-,0,,0,0,0,0.0,0.0,23,5,0,0,0,0,0,0,0,NO,NO,,, ,0,0,
2025-07-23,GB,SALISBURY,GTF,Novice Stakes,6f,4,14:50:00,8.0,Darkest Red,0,2,1,9-2,Paddy Bradley,Jim Boyle,,10,67,,,,,,67.0, , ,10,,,0,-,-,0,,0,1,0,13.8,13.8,63,3,1,28,0,0,0,0,6,NO,NO,NO,, ,0,0,
2025-07-23,GB,SALISBURY,GTF,Novice Stakes,6f,4,14:50:00,1.0,Inca Heights,80,2,0,9-9,David Probert,Clive Cox,,2,5.5,,,,,,5.5, , ,10,,,0,-,-,0,,0,2,1,59.55,59.55,99,1,2,84,0,0,1,0,9,NO,NO,YES,, ,0,0,
2025-07-23,GB,SALISBURY,GTF,Novice Stakes,6f,4,14:50:00,5.0,Bone Marra,81,2,3,9-9,Jason Watson,Ollie Sangster,,2,5.5,,,,,,5.5, , ,10,,,0,-,-,0,,0,2,1,71.55,71.55,60,4,2,36,0,0,0,0,19,NO,NO,NO,, ,0,0,
2025-07-23,GB,SALISBURY,GTF,Novice Stakes,6f,4,14:50:00,3.0,Sprinting Speed,0,2,0,9-2,Sean Levey,Richard Hannon,,4,7.5,,,,,,7.5, , ,10,,,0,-,-,0,,0,0,0,0.0,0.0,7,6,0,0,0,0,0,0,0,NO,NO,,, ,0,0,
2025-07-23,GB,SALISBURY,GTF,Novice Stakes,6f,4,14:50:00,2.0,Thanos,0,2,0,9-2,Trevor Whelan,Harry Charlton,,4,7.5,,,,,,7.5, , ,10,,,0,-,-,0,,0,0,0,0.0,0.0,7,6,0,0,0,0,0,0,0,NO,NO,,, ,0,0,
2025-07-23,GB,SALISBURY,GTF,Novice Stakes,6f,4,14:50:00,10.0,Marra Donna,0,2,0,9-2,Stevie Donohoe,Ollie Sangster,H,6,21,,,,,,21.0, , ,10,,,0,-,-,0,,0,0,0,0.0,0.0,7,6,0,0,0,0,0,0,0,NO,NO,,, ,0,0,
2025-07-23,GB,SALISBURY,GTF,Novice Stakes,6f,4,14:50:00,9.0,Sunday Sinatra,0,2,0,9-2,Sean D Bowen,Ollie Sangster,,7,26,,,,,,26.0, , ,10,,,0,-,-,0,,0,0,0,0.0,0.0,7,6,0,0,0,0,0,0,0,NO,NO,,, ,0,0,
2025-07-23,GB,SALISBURY,GTF,Novice Stakes,6f,4,14:50:00,7.0,Arry Up,0,2,0,9-2,George Downing,Rod Millman,,8,34,,,,,,34.0, , ,10,,,0,-,-,0,,0,0,0,0.0,0.0,7,6,0,0,0,0,0,0,0,NO,NO,,, ,0,0,
2025-07-23,GB,SALISBURY,GTF,Novice Stakes,6f,4,14:50:00,4.0,Crown Of Light,0,2,2,9-2,Hector Crouch,William Knight,,8,34,,,,,,34.0, , ,10,,,0,-,-,0,,0,1,0,64.5,64.5,78,2,1,20,0,0,0,0,8,NO,NO,NO,, ,0,0,
2025-07-23,GB,SALISBURY,GTF,Novice Stakes,6f,4,15:20:00,6.0,Lope El Fuego,0,2,7,9-9,Edward Greatrex,Warren Greatrex,,1,2.25,,,,,,2.25, , ,8,,,0,-,-,0,,0,2,1,27.05,27.05,111,1,2,20,0,1,1,1,1,NO,YES,NO,, ,0,0,
2025-07-23,GB,SALISBURY,GTF,Novice Stakes,6f,4,15:20:00,5.0,Distant Shore,0,2,0,9-2,Aidan Keeley,Roger Varian,H,2,3.75,,,,,,3.75, , ,8,,,0,-,-,0,,0,0,0,0.0,0.0,15,6,0,0,0,0,0,0,0,NO,NO,,, ,0,0,
2025-07-23,GB,SALISBURY,GTF,Novice Stakes,6f,4,15:20:00,2.0,Piazza,0,2,1,9-2,Jason Watson,Ollie Sangster,H,3,4.5,,,,,,4.5, , ,8,,,0,-,-,0,,0,2,0,-34.35,-34.35,89,2,2,37,0,0,0,0,3,NO,NO,NO,, ,0,0,
2025-07-23,GB,SALISBURY,GTF,Novice Stakes,6f,4,15:20:00,1.0,Queen Evie,0,2,3,9-2,Hector Crouch,Clive Cox,,4,9,,,,,,9.0, , ,8,,,0,-,-,0,,0,1,0,-10.2,-10.2,79,3,1,53,0,0,0,0,5,NO,NO,YES,, ,0,0,
2025-07-23,GB,SALISBURY,GTF,Novice Stakes,6f,4,15:20:00,8.0,Indy B,0,2,3,9-2,William Cox,Archie Watson,,5,17,,,,,,17.0, , ,8,,,0,-,-,0,,0,1,0,-75.0,-75.0,78,4,1,49,0,0,0,0,8,NO,NO,YES,, ,0,0,
2025-07-23,GB,SALISBURY,GTF,Novice Stakes,6f,4,15:20:00,4.0,Miss Colette,0,2,0,9-2,Poppy Scott,Sir Mark Prescott Bt,,6,26,,,,,,26.0, , ,8,,,0,-,-,0,,0,0,0,0.0,0.0,7,7,0,0,0,0,0,0,0,NO,NO,,, ,0,0,
2025-07-23,GB,SALISBURY,GTF,Novice Stakes,6f,4,15:20:00,3.0,Skyolaire,0,2,0,9-2,George Downing,Seamus Mullins,,7,41,,,,,,41.0, , ,8,,,0,-,-,0,,0,0,0,0.0,0.0,7,7,0,0,0,0,0,0,0,NO,NO,,, ,0,0,
2025-07-23,GB,SALISBURY,GTF,Novice Stakes,6f,4,15:20:00,7.0,Jenny Jerome,0,2,1,9-2,Trevor Whelan,Simon Hodgson,,8,51,,,,,,51.0, , ,8,,,0,-,-,0,,0,1,0,-23.4,-23.4,76,5,1,14,0,0,0,0,7,NO,NO,NO,, ,0,0,
2025-07-23,GB,SALISBURY,GTF,Other Handicap,1m,5,15:50:00,7.0,Jarham,74,3,4,9-9,David Probert,Clive Cox,,1,3.75,,,,,,3.75, , ,7,,,0,-,-,0,,0,6,0,1.84,3.68,105,3,6,23,0,0,0,0,2,NO,NO,NO,, ,0,0,
2025-07-23,GB,SALISBURY,GTF,Other Handicap,1m,5,15:50:00,5.0,Moutai,72,3,6,9-7,Hector Crouch,Ed Walker,,1,3.75,,,,,,3.75, , ,7,,,0,-,-,0,,0,5,0,33.96,33.96,106,2,5,34,0,0,0,0,3,NO,NO,NO,, ,0,0,
2025-07-23,GB,SALISBURY,GTF,Other Handicap,1m,5,15:50:00,4.0,Opening Bat,68,3,7,9-3,Trevor Whelan,Harry Charlton,,3,4.5,,,,,,4.5, , ,7,,,0,-,-,0,,0,6,1,10.68,19.37,109,1,6,33,0,1,0,0,3,NO,YES,NO,, ,0,0,
2025-07-23,GB,SALISBURY,GTF,Other Handicap,1m,5,15:50:00,2.0,Kodi Fire,67,3,6,9-2,Jason Watson,Charles Hills,,4,5.5,,,,,,5.5, , ,7,,,0,-,-,0,,0,8,1,-6.1,7.15,93,5,8,22,0,0,0,1,1,NO,NO,YES,, ,0,0,
2025-07-23,GB,SALISBURY,GTF,Other Handicap,1m,5,15:50:00,3.0,Political Power,73,3,5,9-8,Sean Levey,Charlie Clover,,5,8,,,,,,8.0, , ,7,,,0,-,-,0,,0,12,1,13.48,34.09,100,4,12,13,0,1,1,0,5,NO,YES,NO,, ,0,0,
2025-07-23,GB,SALISBURY,GTF,Other Handicap,1m,5,15:50:00,1.0,Troy Story,73,3,3,9-8,Rob Hornby,Alan King,,6,13,,,,,,13.0, , ,7,,,0,-,-,0,,0,7,0,35.7,29.7,90,6,7,18,0,0,0,0,7,NO,NO,NO,, ,0,0,
2025-07-23,GB,SALISBURY,GTF,Other Handicap,1m,5,15:50:00,6.0,Mighty Ruler,68,3,3,9-3,Paddy Bradley,Michael Attwater,C,7,26,,,,,,26.0, , ,7,,,0,-,-,0,,0,7,0,18.12,24.4,84,7,7,69,0,0,0,0,7,NO,NO,YES,, ,0,0,
2025-07-23,GB,SALISBURY,GTF,Other Handicap,5f,6,16:20:00,9.0,Moes Legacy,58,4,5,9-12,Jason Watson,Ronald Harris,V,1,3.75,,,,,,3.75, , ,10,,,0,-,-,0,,0,27,1,37.37,13.66,98,1,36,7,1,2,4,1,1,YES,YES,NO,, ,0,0,
2025-07-23,GB,SALISBURY,GTF,Other Handicap,5f,6,16:20:00,5.0,Media Guest,55,7,3,9-9,Thomas Greatrex,Mark Gillard,C,10,34,,,,,,34.0, , ,10,,,0,-,-,0,,0,14,0,-55.08,4.46,78,7,44,265,0,1,1,0,5,NO,YES,NO,, ,0,0,
2025-07-23,GB,SALISBURY,GTF,Other Handicap,5f,6,16:20:00,10.0,Darkened Edge,55,5,8,9-9,Gina Mangan,Christopher Mason,,2,5.5,,,,,,5.5, , ,10,,,0,-,-,0,,0,13,1,25.94,32.79,92,2,16,12,0,2,2,1,3,NO,YES,NO,, ,0,0,
2025-07-23,GB,SALISBURY,GTF,Other Handicap,5f,6,16:20:00,1.0,Notre Maison,55,6,8,9-9,Rob Hornby,Stuart Kittow,V,2,5.5,,,,,,5.5, , ,10,,,0,-,-,0,,0,11,0,-12.12,29.73,87,3,33,23,0,3,3,2,5,NO,YES,NO,, ,0,0,
2025-07-23,GB,SALISBURY,GTF,Other Handicap,5f,6,16:20:00,4.0,Big Time Rascal,55,4,6,9-9,David Probert,Michael Attwater,H,4,6,,,,,,6.0, , ,10,,,0,-,-,0,,0,12,1,45.3,49.94,81,4,15,28,0,0,1,0,3,NO,NO,NO,, ,0,0,
2025-07-23,GB,SALISBURY,GTF,Other Handicap,5f,6,16:20:00,6.0,A Lady Forever,48,6,9,9-2,Finley Marsh,Keiran Burke,,5,8,,,,,,8.0, , ,10,,,0,-,-,0,,0,3,1,20.57,20.57,81,4,7,21,0,0,1,0,4,NO,NO,NO,, ,0,0,
2025-07-23,GB,SALISBURY,GTF,Other Handicap,5f,6,16:20:00,3.0,Phoenix Moon,55,4,5,9-9,Jack Callan,Denis Coakley,,5,8,,,,,,8.0, , ,10,,,0,-,-,0,,0,12,1,13.2,29.72,77,8,13,29,0,0,2,0,9,NO,NO,NO,, ,0,0,
2025-07-23,GB,SALISBURY,GTF,Other Handicap,5f,6,16:20:00,7.0,Barnsnape Boy,46,4,7,9-0,Hector Crouch,Jim Boyle,,7,15,,,,,,15.0, , ,10,,,0,-,-,0,,0,11,0,21.22,21.93,70,10,14,44,0,0,0,0,9,NO,NO,NO,, ,0,0,
2025-07-23,GB,SALISBURY,GTF,Other Handicap,5f,6,16:20:00,8.0,Tilsworth Ony Ta,46,6,6,9-0,Paddy Bradley,J R Jenkins,,8,21,,,,,,21.0, , ,10,,,0,-,-,0,,0,22,0,-55.45,-4.32,79,6,60,39,0,3,5,2,7,NO,YES,NO,, ,0,0,
2025-07-23,GB,SALISBURY,GTF,Other Handicap,5f,6,16:20:00,2.0,Nelson Rose,55,4,10,9-9,Aidan Keeley,Charlie Wallis,H,9,26,,,,,,26.0, , ,10,,,0,-,-,0,,0,11,1,48.56,46.95,75,9,19,25,0,0,2,2,6,NO,NO,NO,, ,0,0,
2025-07-23,GB,SALISBURY,GTF,Other Handicap,1m6f,5,16:53:00,,Bouboule,63,3,3,8-12,William Buick,Harry Derham,,1,3.5,,,,,,3.5, , ,11,,,0,-,-,0,,0,5,0,-11.18,-11.18,88,5,5,36,0,0,0,0,3,NO,NO,YES,, ,0,0,
2025-07-23,GB,SALISBURY,GTF,Other Handicap,1m6f,5,16:53:00,,Leonidass,60,5,3,9-6,Jack Dace,Nick Gifford,T,10,26,,,,,,26.0, , ,11,,,0,-,-,0,,0,6,0,53.5,44.18,76,11,6,37,0,0,0,0,6,NO,NO,YES,, ,0,0,
2025-07-23,GB,SALISBURY,GTF,Other Handicap,1m6f,5,16:53:00,,Wilderness,60,10,3,9-6,Ben Ffrench Davis,Seamus Mullins,B,11,34,,,,,,34.0, , ,11,,,0,-,-,0,,0,8,0,9.54,26.34,83,8,57,266,1,1,0,2,6,YES,YES,NO,, ,0,0,
2025-07-23,GB,SALISBURY,GTF,Other Handicap,1m6f,5,16:53:00,,Navid,63,3,7,8-12,Trevor Whelan,Harry Charlton,C,2,4.5,,,,,,4.5, , ,11,,,0,-,-,0,,0,8,0,30.64,30.13,96,1,8,21,0,0,0,0,2,NO,NO,YES,, ,0,0,
2025-07-23,GB,SALISBURY,GTF,Other Handicap,1m6f,5,16:53:00,,Nelson Gate,60,3,5,8-9,Harry Davies,Gary & Josh Moore,B,3,7,,,,,,7.0, , ,11,,,0,-,-,0,,0,5,0,55.38,55.38,82,10,5,60,0,0,0,0,2,NO,NO,YES,, ,0,0,
2025-07-23,GB,SALISBURY,GTF,Other Handicap,1m6f,5,16:53:00,,Grey Fox,70,8,3,10-2,David Probert,Emma Lavelle,T,4,8,,,,,,8.0, , ,11,,,0,-,-,0,,0,12,1,34.32,36.1,89,4,40,60,0,0,6,4,4,NO,NO,NO,, ,0,0,
2025-07-23,GB,SALISBURY,GTF,Other Handicap,1m6f,5,16:53:00,,Francesco Baracca,70,4,6,10-2,Rob Hornby,Eve Johnson Houghton,,5,11,,,,,,11.0, , ,11,,,0,-,-,0,,0,16,1,28.78,25.66,96,1,19,11,0,1,1,0,3,NO,YES,NO,, ,0,0,
2025-07-23,GB,SALISBURY,GTF,Other Handicap,1m6f,5,16:53:00,,Betelgeuse,63,3,2,8-12,Sean Levey,S Woods,,5,11,,,,,,11.0, , ,11,,,0,-,-,0,,0,5,0,-1.62,-1.62,84,7,5,26,0,0,0,0,3,NO,NO,NO,, ,0,0,
2025-07-23,GB,SALISBURY,GTF,Other Handicap,1m6f,5,16:53:00,,Fair Dinkum,60,5,9,9-6,Jason Watson,Jeremy Scott,TC,7,13,,,,,,13.0, , ,11,,,0,-,-,0,,0,10,0,18.0,35.95,88,5,23,38,0,0,0,0,7,NO,NO,YES,, ,0,0,
2025-07-23,GB,SALISBURY,GTF,Other Handicap,1m6f,5,16:53:00,,Media Mogul,70,4,3,10-2,George Downing,Ed Walker,C,7,13,,,,,,13.0, , ,11,,,0,-,-,0,,0,9,2,66.92,29.42,94,3,9,40,0,1,2,1,11,NO,YES,NO,, ,0,0,
2025-07-23,GB,SALISBURY,GTF,Other Handicap,1m6f,5,16:53:00,,Autumns Breeze,54,4,4,9-0,Finley Marsh,Gary & Josh Moore,,7,13,,,,,,13.0, , ,11,,,0,-,-,0,,0,7,0,1.9,17.89,83,8,7,28,0,0,0,0,4,NO,NO,NO,, ,0,0,
